Product Name,Price,Original Prices,Discount rates,Ratings,Brand
Dell 14 3000 Core i3 7th Gen - (4 GB/1 TB HDD/Linux) inspiron 3481 Laptop,5398000.00,5915000.00,8% off,4.1,Dell
HP Pavilion Core i5 9th Gen - (8 GB/1 TB HDD/Windows 10 Home/3 GB Graphics/NVIDIA Geforce GTX 1050) 15...,10598000.00,13208200.00,19% off,4.2,HP
HP 15s Ryzen 3 Dual Core - (4 GB/256 GB SSD/Windows 10 Home) 15s-eq0007AU Thin and Light Laptop,6198000.00,6519600.00,4% off,4.5,HP
HP 15 Pentium Gold - (4 GB/1 TB HDD/Windows 10 Home) 15-di0001TU Laptop,4998000.00,5111200.00,2% off,4.4,HP
Lenovo Ideapad S145 APU Dual Core A6 - (4 GB/1 TB HDD/Windows 10 Home) S145-15AST Thin and Light Lapto...,4198000.00,4478400.00,6% off,4,Lenovo
Lenovo Ideapad 130 Core i3 7th Gen - (4 GB/1 TB HDD/Windows 10 Home) 130-15IKB Laptop,5798000.00,6608000.00,12% off,4,Lenovo
Acer Nitro 5 Core i7 9th Gen - (8 GB/1 TB HDD/256 GB SSD/Windows 10 Home/4 GB Graphics/NVIDIA Geforce ...,13998000.00,20999800.00,33% off,4.6,Acer
HP Pavilion x360 Core i3 8th Gen - (4 GB/256 GB SSD/Windows 10 Home) 14-dh0107TU 2 in 1 Laptop,8598000.00,9078200.00,5% off,4.5,HP
Asus ZenBook Core i5 8th Gen - (8 GB/256 GB SSD/Windows 10 Home) UX430UA-GV573T Thin and Light Laptop,9198000.00,17398000.00,47% off,4.2,Asus
HP 15q Core i3 7th Gen - (4 GB/1 TB HDD/Windows 10 Home) 15q-ds0007TU Laptop,6198000.00,7833600.00,20% off,4.1,HP
Dell Vostro 15 3000 Core i3 7th Gen - (4 GB/1 TB HDD/Linux) 3581 Laptop,5298000.00,6424000.00,17% off,4.3,Dell
Apple MacBook Air Core i5 8th Gen - (8 GB/128 GB SSD/Mac OS Mojave) MVFM2HN/A,17998000.00,19980000.00,9% off,4.7,Apple
Lenovo Ideapad L340 Core i5 9th Gen - (8 GB/1 TB HDD/128 GB SSD/Windows 10 Home/4 GB Graphics/NVIDIA G...,11998000.00,19798000.00,39% off,4.5,Lenovo
Lenovo Ideapad S145 Core i3 10th Gen - (4 GB/256 GB SSD/Windows 10 Home) S145-15IIL Thin and Light Lap...,7098000.00,9638000.00,26% off,4.4,Lenovo
Lenovo Ideapad S145 Core i5 10th Gen - (8 GB/1 TB HDD/Windows 10 Home) S145-15IIL Laptop,8998000.00,12618000.00,28% off,4.9,Lenovo
Apple MacBook Air Core i5 5th Gen - (8 GB/128 GB SSD/Mac OS Sierra) MQD32HN/A A1466,13198000.00,16980000.00,22% off,4.7,Apple
Lenovo Ideapad S145 Ryzen 3 Dual Core - (4 GB/1 TB HDD/Windows 10 Home) S145-15API Thin and Light Lapt...,5598000.00,6246400.00,10% off,4,Lenovo
Asus TUF Gaming Ryzen 5 Quad Core - (8 GB/1 TB HDD/Windows 10 Home/3 GB Graphics/NVIDIA Geforce GTX 10...,9398000.00,14598000.00,35% off,4.5,Asus
HP 15q Core i5 8th Gen - (8 GB/1 TB HDD/Windows 10 Home) 15q-ds1001TU Laptop,9798000.00,9816000.00,Nan,4.3,HP
Asus Core i5 8th Gen - (4 GB/1 TB HDD/Windows 10 Home/2 GB Graphics) R540UB-DM1043T Laptop,7398000.00,10598000.00,30% off,3.9,Asus
Asus VivoBook Gaming Core i5 9th Gen - (8 GB + 32 GB Optane/512 GB SSD/Windows 10 Home/4 GB Graphics/N...,10998000.00,15998000.00,31% off,4.5,Asus
Acer Nitro 5 Ryzen 5 Quad Core - (8 GB/1 TB HDD/Windows 10 Home/4 GB Graphics/AMD Radeon RX 560X) AN51...,9598000.00,12218800.00,21% off,4.4,Acer
Acer Nitro 5 Ryzen 5 Quad Core - (8 GB/1 TB HDD/Windows 10 Home/4 GB Graphics/NVIDIA Geforce GTX 1650)...,10598000.00,14799800.00,28% off,4.5,Acer
Lenovo Ideapad S145 Core i5 10th Gen - (8 GB/1 TB HDD/256 GB SSD/Windows 10 Home) S145-15IIL Laptop,10398000.00,14178000.00,26% off,NaN,Lenovo
HP Pavilion 15-EC Ryzen 5 Quad Core - (8 GB/1 TB HDD/128 GB SSD/Windows 10 Home/3 GB Graphics/NVIDIA G...,10398000.00,11648000.00,10% off,4.5,HP
Apple MacBook Air Core i5 8th Gen - (8 GB/256 GB SSD/Mac OS Mojave) A1932,21980000.00,23980000.00,8% off,4.7,Apple
Lenovo Ideapad S340 Core i5 8th Gen - (8 GB/512 GB SSD/Windows 10 Home/2 GB Graphics) S340 Thin and Li...,11398000.00,15378000.00,25% off,4.4,Lenovo
Dell 14 3000 Core i3 7th Gen - (4 GB/1 TB HDD/Windows 10 Home) inspiron3481 Laptop,5398000.00,5947400.00,9% off,3.8,Dell
Acer Nitro 5 Ryzen 7 Quad Core - (8 GB/1 TB HDD/256 GB SSD/Windows 10 Home/4 GB Graphics/NVIDIA Geforc...,11998000.00,18799800.00,36% off,5,Acer
HP 15s Ryzen 3 Dual Core - (4 GB/256 GB SSD/Windows 10 Home) 15s-eq0007AU Thin and Light Laptop,6198000.00,6519600.00,4% off,4.5,HP
Apple MacBook Air Core i5 8th Gen - (8 GB/256 GB SSD/Mac OS Mojave) MVFN2HN/A,20998000.00,23980000.00,12% off,4.7,Apple
Asus VivoBook 14 Core i5 8th Gen - (8 GB/512 GB SSD/Windows 10 Home) X412FA-EK230T Thin and Light Lapt...,9998000.00,12598000.00,20% off,4.4,Asus
Asus VivoBook 14 Ryzen 5 Quad Core 2nd Gen - (8 GB/512 GB SSD/Windows 10 Home) X412DA-EK502T Thin and ...,8398000.00,10598000.00,20% off,4.4,Asus
HP 14q Core i3 7th Gen - (4 GB/1 TB HDD/DOS) 14q-cs0009TU Thin and Light Laptop,5398000.00,6570000.00,17% off,4.2,HP
Acer Swift 3 Core i5 8th Gen - (8 GB/512 GB SSD/Windows 10 Home/2 GB Graphics) SF314-55G Thin and Ligh...,10998000.00,12517800.00,12% off,4.5,Acer
Acer Aspire 5 Core i3 8th Gen - (4 GB/1 TB HDD/Windows 10 Home) A515-52 Thin and Light Laptop,6798000.00,7919600.00,14% off,3.8,Acer
Lenovo Ideapad L340 Core i7 9th Gen - (8 GB/1 TB HDD/128 GB SSD/Windows 10 Home/4 GB Graphics/NVIDIA G...,14598000.00,21758000.00,32% off,4.5,Lenovo
Dell Inspiron 13 5000 Series Core i3 7th Gen - (4 GB/1 TB HDD/Windows 10 Home) 5378 2 in 1 Laptop,8398000.00,11258800.00,25% off,3.5,Dell
HP 15 Core i3 8th Gen - (4 GB/1 TB HDD/Windows 10 Home) 15-da0411tu Thin and Light Laptop,6399800.00,6999800.00,8% off,3.9,HP
Lenovo Ideapad S145 Ryzen 3 Dual Core - (4 GB/1 TB HDD/Windows 10 Home) S145-15API Thin and Light Lapt...,5598000.00,6246400.00,10% off,4,Lenovo
Asus VivoBook 14 Core i3 7th Gen - (4 GB/256 GB SSD/Windows 10 Home) X412UA-EK342T Thin and Light Lapt...,6798000.00,8398000.00,19% off,4.3,Asus
Asus ROG Strix G Core i7 9th Gen - (8 GB/1 TB HDD/256 GB SSD/Windows 10 Home/4 GB Graphics/NVIDIA Gefo...,16398000.00,22798000.00,28% off,4.6,Asus
Acer Predator Triton 300 Core i5 9th Gen - (8 GB/1 TB HDD/256 GB SSD/Windows 10 Home/4 GB Graphics/NVI...,13998000.00,17742600.00,21% off,4.6,Acer
HP 15q APU Dual Core A6 - (4 GB/1 TB HDD/Windows 10 Home) 15q-dy0006AU Laptop,4598000.00,5030400.00,8% off,4.1,HP
Acer Aspire 5 Core i5 7th Gen - (8 GB/1 TB HDD/Windows 10 Home/2 GB Graphics) A515-51G-5206 Laptop,8398000.00,12799800.00,34% off,3.6,Acer
Dell Inspiron 3000 Core i5 10th Gen - (4 GB/512 GB SSD/Windows 10 Home) 3593 Laptop,9958000.00,10627200.00,6% off,NaN,Dell
HP 15q Core i3 7th Gen - (4 GB/1 TB HDD/Windows 10 Home) 15q-ds0006TU Laptop,6599800.00,7365800.00,10% off,4.1,HP
Acer Helios 300 Core i7 9th Gen - (16 GB/2 TB HDD/256 GB SSD/Windows 10 Home/8 GB Graphics/NVIDIA Gefo...,27998000.00,36285600.00,22% off,5,Acer
Acer Swift 3 Core i5 8th Gen - (8 GB/512 GB SSD/Windows 10 Home) SF313-51 Thin and Light Laptop,10998000.00,14035200.00,21% off,4.4,Acer
HP 15s Ryzen 3 Dual Core - (4 GB/256 GB SSD/Windows 10 Home) 15s-eq0007AU Thin and Light Laptop,6198000.00,6519600.00,4% off,4.5,HP
HP Pavilion x360 Core i5 10th Gen - (8 GB/256 GB SSD/Windows 10 Home) 14-dh1010TU 2 in 1 Laptop,14199800.00,16001600.00,11% off,4.5,HP
Dell Inspiron 13 7000 Series Core i5 8th Gen - (8 GB/512 GB SSD/Windows 10 Home) insp 7380 Thin and Li...,12698000.00,14510000.00,12% off,4.7,Dell
Asus ZenBook Pro Duo Core i9 9th Gen - (32 GB/1 TB SSD/Windows 10 Home/6 GB Graphics) UX581GV-H9201T L...,51998000.00,60598000.00,14% off,NaN,Asus
HP 14q Core i3 7th Gen - (4 GB/1 TB HDD/DOS) 14q-cs0009TU Thin and Light Laptop,5398000.00,6570000.00,17% off,4.2,HP
MSI GF63 Thin Core i7 9th Gen - (8 GB/512 GB SSD/Windows 10 Home/4 GB Graphics/NVIDIA Geforce GTX 1650...,13998000.00,18658000.00,24% off,4.5,MSI
Microsoft Surface Pro Core i5 7th Gen - (8 GB/128 GB SSD/Windows 10 Pro) M1796 2 in 1 Laptop,14798000.00,18127400.00,18% off,4.2,Microsoft
Asus VivoBook Core i5 8th Gen - (8 GB/1 TB HDD/256 GB SSD/Windows 10 Home) S430UA-EB008T Thin and Ligh...,12998000.00,NaN,Nan,4.5,Asus
Asus VivoBook S Series Core i5 8th Gen - (8 GB/1 TB HDD/256 GB SSD/Windows 10 Home) S430FA-EB156T Thin...,10598000.00,13798000.00,23% off,4.5,Asus
Apple MacBook Pro Core i5 8th Gen - (8 GB/256 GB SSD/Mac OS Mojave) MV962HN,30998000.00,31980000.00,3% off,4.5,Apple
HP Pavilion 15-EC Ryzen 5 Quad Core - (8 GB/1 TB HDD/128 GB SSD/Windows 10 Home/3 GB Graphics/NVIDIA G...,10398000.00,11648000.00,10% off,4.5,HP
MSI P Core i5 10th Gen - (8 GB/512 GB SSD/Windows 10 Home/2 GB Graphics) Prestige 14 A10RB-031IN Thin ...,15998000.00,17998000.00,11% off,4.3,MSI
Avita Liber Core i5 8th Gen - (8 GB/256 GB SSD/Windows 10 Home) NS14A2IN199P Thin and Light Laptop,8398000.00,13198000.00,36% off,4.4,Avita
Lenovo Ideapad Core i3 7th Gen - (4 GB/1 TB HDD/Windows 10 Home) IP130 Laptop,6598000.00,7378000.00,10% off,NaN,Lenovo
Lenovo Ideapad S145 Ryzen 3 Dual Core - (4 GB/1 TB HDD/Windows 10 Home) S145-15API Thin and Light Lapt...,5598000.00,6246400.00,10% off,4,Lenovo
Asus ZenBook 13 Core i7 8th Gen - (8 GB/512 GB SSD/Windows 10 Home) UX333FA-A4116T Thin and Light Lapt...,16598000.00,19598000.00,15% off,4.5,Asus
Asus ZenBook Pro Duo Core i7 9th Gen - (32 GB/1 TB SSD/Windows 10 Home/6 GB Graphics) UX581GV-H7201T L...,41998000.00,48598000.00,13% off,NaN,Asus
Dell Inspiron 3000 Core i7 9th Gen - (8 GB/512 GB SSD/Windows 10 Home/4 GB Graphics/NVIDIA Geforce GTX...,18698000.00,20955200.00,10% off,NaN,Dell
HP Pavilion Ryzen 7 Quad Core - (8 GB/1 TB HDD/128 GB SSD/Windows 10 Home/6 GB Graphics/NVIDIA Geforce...,14998000.00,15673000.00,4% off,5,HP
Lenovo Core i7 8th Gen - (8 GB/1 TB HDD/Windows 10 Home/2 GB Graphics) L340-15IWL Laptop,11798000.00,17538000.00,32% off,4.3,Lenovo
HP 15q APU Dual Core A6 - (4 GB/1 TB HDD/Windows 10 Home) 15q-dy0006AU Laptop,4598000.00,5030400.00,8% off,4.1,HP
Lenovo Ideapad 330 Core i5 8th Gen - (8 GB/1 TB HDD/DOS/4 GB Graphics) 330-15IKB/ 81DELenovo ideapad 3...,9798000.00,13138000.00,25% off,4.3,Lenovo
Microsoft Surface Pro X SQ1 Octa Core - (8 GB/128 GB SSD/Windows 10 Home) M1876 Laptop,19798000.00,19799800.00,Nan,NaN,Microsoft
HP Pavilion x360 14 Core i3 10th Gen - (4 GB/256 GB SSD/Windows 10 Home) 14-dh1006TU 2 in 1 Laptop,9536000.00,10621400.00,10% off,4,HP
HP 15s Ryzen 3 Dual Core - (4 GB/256 GB SSD/Windows 10 Home) 15s-eq0007AU Thin and Light Laptop,6198000.00,6519600.00,4% off,4.5,HP
HP Envy 13 Core i5 10th Gen - (8 GB/256 GB SSD/Windows 10 Home) 13-aq1014TU Thin and Light Laptop,15398000.00,16001400.00,3% off,NaN,HP
Avita Liber Core i5 8th Gen - (8 GB/256 GB SSD/Windows 10 Home) NS14A2IN205P Thin and Light Laptop,8398000.00,13198000.00,36% off,4.4,Avita
Avita Liber Core i5 8th Gen - (8 GB/256 GB SSD/Windows 10 Home) NS14A2IN204P Thin and Light Laptop,8398000.00,13198000.00,36% off,4.4,Avita
Apple MacBook Pro Core i5 7th Gen - (8 GB/128 GB SSD/Mac OS Sierra) MPXR2HN/A,22598000.00,23998000.00,5% off,4.6,Apple
Lenovo Ideapad Core i5 7th Gen - (8 GB/1 TB HDD/Windows 10 Home/2 GB Graphics) IP 320-15IKB Laptop,10398000.00,10749000.00,3% off,4.3,Lenovo
HP 14q Core i3 7th Gen - (4 GB/1 TB HDD/DOS) 14q-cs0009TU Thin and Light Laptop,5398000.00,6570000.00,17% off,4.2,HP
Acer Swift 5 Core i5 8th Gen - (8 GB/256 GB SSD/Windows 10 Home) SF514-52T Thin and Light Laptop,12998000.00,16559800.00,21% off,4.6,Acer
Dell Vostro 14 3000 Core i5 8th Gen - (8 GB/1 TB HDD/Linux/2 GB Graphics) VOS 3480 Laptop,8598000.00,10053600.00,14% off,4.3,Dell
Avita Liber Core i5 8th Gen - (8 GB/256 GB SSD/Windows 10 Home) NS14A2IN198P Thin and Light Laptop,8398000.00,13198000.00,36% off,4.4,Avita
HP Pavilion 15-EC Ryzen 5 Quad Core - (8 GB/1 TB HDD/128 GB SSD/Windows 10 Home/3 GB Graphics/NVIDIA G...,10398000.00,11648000.00,10% off,4.5,HP
Lenovo Ideapad S145 Core i3 7th Gen - (4 GB/1 TB HDD/Windows 10 Home) S145-15IKB Laptop,6498000.00,7998000.00,18% off,4.3,Lenovo
Asus VivoBook 14 Ryzen 5 Quad Core - (4 GB/1 TB HDD/Windows 10 Home) X412DA-EK141T Thin and Light Lapt...,7398000.00,8806200.00,15% off,4.3,Asus
Apple MacBook Air Core i5 8th Gen - (8 GB/256 GB SSD/Mac OS Mojave) MVFL2HN/A,22232400.00,23980000.00,7% off,4.7,Apple
Asus ZenBook 13 Core i5 8th Gen - (8 GB/256 GB SSD/Windows 10 Home) UX333FA-A4046T Thin and Light Lapt...,13998000.00,15630600.00,10% off,4.1,Asus
Acer Aspire 7 Core i5 9th Gen - (8 GB/512 GB SSD/Windows 10 Home/4 GB Graphics/NVIDIA Geforce GTX 1650...,10998000.00,15999800.00,31% off,4,Acer
Lenovo Ideapad S145 Ryzen 3 Dual Core - (4 GB/1 TB HDD/Windows 10 Home) S145-15API Thin and Light Lapt...,5598000.00,6246400.00,10% off,4,Lenovo
Lenovo Legion Y7000 Core i5 9th Gen - (8 GB/1 TB HDD/256 GB SSD/Windows 10 Home/3 GB Graphics/NVIDIA G...,13398000.00,18598000.00,27% off,4.8,Lenovo
Avita Liber Core i5 8th Gen - (8 GB/256 GB SSD/Windows 10 Home) NS14A2IN202P Thin and Light Laptop,8398000.00,13198000.00,36% off,4.4,Avita
HP Spectre x360 Core i7 8th Gen - (16 GB/512 GB SSD/Windows 10 Pro) 13-ae503TU 2 in 1 Laptop,29898000.00,33679000.00,11% off,3.7,HP
HP 15q APU Dual Core A6 - (4 GB/1 TB HDD/Windows 10 Home) 15q-dy0006AU Laptop,4598000.00,5030400.00,8% off,4.1,HP
Asus Core i5 8th Gen - (8 GB/512 GB SSD/Windows 10 Home/2 GB Graphics) X509FJ-EJ502T Laptop,10138000.00,11998000.00,15% off,4.1,Asus
Lenovo Ideapad 720S Core i5 8th Gen - (8 GB/512 GB SSD/Windows 10 Home) 720S-13IKB Thin and Light Lapt...,16691600.00,NaN,Nan,5,Lenovo
Lenovo Legion Y740 Core i7 9th Gen - (8 GB/1 TB SSD/Windows 10 Home/6 GB Graphics/NVIDIA Geforce GTX 1...,23998000.00,41498000.00,42% off,4.7,Lenovo
HP 15 Core i7 8th Gen - (8 GB/1 TB HDD/128 GB SSD/Windows 10 Home/4 GB Graphics) 15-dc0082TX Laptop,23388200.00,NaN,Nan,NaN,HP
Asus ROG Strix G Core i5 9th Gen - (8 GB/512 GB SSD/Windows 10 Home/4 GB Graphics/NVIDIA Geforce GTX 1...,15998000.00,20398000.00,21% off,NaN,Asus
HP 15s Ryzen 3 Dual Core - (4 GB/256 GB SSD/Windows 10 Home) 15s-eq0007AU Thin and Light Laptop,6198000.00,6519600.00,4% off,4.5,HP
HP 15 Core i7 8th Gen - (16 GB/1 TB HDD/128 GB SSD/Windows 10 Home/4 GB Graphics) 15-dc0084TX Laptop,25374600.00,NaN,Nan,NaN,HP
Asus VivoBook Gaming Core i5 9th Gen - (8 GB/1 TB HDD/256 GB SSD/Windows 10 Home/4 GB Graphics/NVIDIA ...,12598000.00,16198000.00,22% off,4.4,Asus
Acer Aspire 5 Core i3 7th Gen - (4 GB/256 GB SSD/Windows 10 Home) A515-52K Laptop,7340200.00,NaN,Nan,NaN,Acer
HP 14q Core i3 7th Gen - (4 GB/1 TB HDD/DOS) 14q-cs0009TU Thin and Light Laptop,5398000.00,6570000.00,17% off,4.2,HP
Nexstgo Core i5 8th Gen - (16 GB/512 GB SSD/Windows 10 Pro) NX101 Thin and Light Laptop,19598000.00,23298000.00,15% off,NaN,Nexstgo
Avita Liber Core i5 8th Gen - (8 GB/256 GB SSD/Windows 10 Home) NS13A2IN205P Thin and Light Laptop,12998000.00,13198000.00,1% off,4.6,Avita
Lenovo Legion Core i5 9th Gen - (8 GB/1 TB SSD/Windows 10/4 GB Graphics/NVIDIA Geforce GTX GTX1650) Le...,15998000.00,19999800.00,20% off,NaN,Lenovo
Nexstgo Core i7 8th Gen - (8 GB/256 GB SSD/Windows 10 Pro) NX101 Thin and Light Laptop,17398000.00,20798000.00,16% off,NaN,Nexstgo
Acer Predator Triton 500 Core i7 9th Gen - (16 GB/1 TB SSD/Windows 10 Home/6 GB Graphics/NVIDIA Geforc...,33165200.00,NaN,Nan,NaN,Acer
HP Pavilion 15-EC Ryzen 5 Quad Core - (8 GB/1 TB HDD/128 GB SSD/Windows 10 Home/3 GB Graphics/NVIDIA G...,10398000.00,11648000.00,10% off,4.5,HP
Lenovo Ideapad S145 Core i3 8th Gen - (4 GB/1 TB HDD/Windows 10 Home) S145-15IWL Thin and Light Laptop,7998000.00,8498000.00,5% off,4,Lenovo
Lenovo Core i5 7th Gen - (8 GB/1 TB HDD/Windows 10 Home/2 GB Graphics) Ideapad 510 Laptop,11461800.00,NaN,Nan,4.1,Lenovo
Asus ROG Strix Hero III Core i7 9th Gen - (16 GB/1 TB HDD/256 GB SSD/Windows 10 Home/6 GB Graphics/NVI...,27998000.00,36398000.00,23% off,NaN,Asus
Lenovo Ideapad S145 Ryzen 3 Dual Core - (4 GB/1 TB HDD/Windows 10 Home) S145-15API Thin and Light Lapt...,5598000.00,6246400.00,10% off,4,Lenovo
Lenovo Ideapad L340 Core i5 9th Gen - (8 GB/1 TB HDD/Windows 10 Home/4 GB Graphics/NVIDIA Geforce GTX ...,13598000.00,16198000.00,16% off,NaN,Lenovo
HP Envy 13 Core i5 10th Gen - (8 GB + 32 GB Optane/512 GB SSD/Windows 10 Home) 13-aq1015TU Thin and Li...,16598000.00,17638800.00,5% off,NaN,HP
Lenovo Yoga 730 Core i7 8th Gen - (8 GB/512 GB SSD/Windows 10 Home) 730-13IKB Thin and Light Laptop,21998000.00,25178000.00,12% off,NaN,Lenovo
Lenovo Core i5 7th Gen - (8 GB/1 TB HDD/Windows 10 Home/4 GB Graphics) IP 520 Laptop,12943000.00,NaN,Nan,4,Lenovo
Dell XPS 15 Core i9 9th Gen - (32 GB/1 TB SSD/Windows 10 Home/4 GB Graphics) 7590 Laptop,49998000.00,50044400.00,Nan,NaN,Dell
HP 15q APU Dual Core A6 - (4 GB/1 TB HDD/Windows 10 Home) 15q-dy0006AU Laptop,4598000.00,5030400.00,8% off,4.1,HP
HP 14q Core i3 7th Gen - (4 GB/1 TB HDD/Windows 10 Home) 14q-CS0005TU Thin and Light Laptop,5898000.00,6594200.00,10% off,4.2,HP
Asus FX503 Core i7 7th Gen - (8 GB/1 TB HDD/128 GB SSD/Windows 10 Home/4 GB Graphics/NVIDIA Geforce GT...,17598000.00,NaN,Nan,5,Asus
Apple MacBook Pro Core i5 8th Gen - (8 GB/256 GB SSD/Mac OS Mojave) MUHP2HN/A,25997000.00,27980000.00,7% off,NaN,Apple
HP 15s Ryzen 3 Dual Core - (4 GB/256 GB SSD/Windows 10 Home) 15s-eq0007AU Thin and Light Laptop,6198000.00,6519600.00,4% off,4.5,HP
Asus ZenBook 13 Core i5 8th Gen - (8 GB/512 GB SSD/Windows 10 Home) UX331UAL-EG011T Thin and Light Lap...,12798000.00,15799800.00,18% off,4.5,Asus
Avita Liber Core i5 8th Gen - (8 GB/256 GB SSD/Windows 10 Home) NS14A2IN212P Thin and Light Laptop,8398000.00,13198000.00,36% off,4.4,Avita
HP Pavilion Core i5 9th Gen - (8 GB/1 TB HDD/256 GB SSD/Windows 10 Home/4 GB Graphics/NVIDIA Geforce G...,16598000.00,16998000.00,2% off,NaN,HP
Microsoft Surface Pro Core i5 7th Gen - (4 GB/128 GB SSD/Windows 10 Pro) 1796 2 in 1 Laptop,15999800.00,NaN,Nan,4.5,Microsoft
Asus VIVOBOOK Core i3 8th Gen - (4 GB/512 GB SSD/Windows 10) X509FA Notebook,7198000.00,8598000.00,16% off,NaN,Asus
HP 14q Core i3 7th Gen - (4 GB/1 TB HDD/DOS) 14q-cs0009TU Thin and Light Laptop,5398000.00,6570000.00,17% off,4.2,HP
Asus VivoBook 14 APU Quad Core A12 - (4 GB/1 TB HDD/Windows 10 Home) X411QA-EK001T Thin and Light Lapt...,5398000.00,7373000.00,26% off,4,Asus
Asus ROG Core i7 7th Gen - (8 GB/1 TB HDD/Windows 10 Home/4 GB Graphics/NVIDIA Geforce GTX 1050) GL553...,21598000.00,NaN,Nan,4.3,Asus
Dell G3 Series Core i5 8th Gen - (8 GB/1 TB HDD/128 GB SSD/Windows 10 Home/4 GB Graphics/NVIDIA Geforc...,11598000.00,15235400.00,23% off,4.4,Dell
HP Pavilion 15-EC Ryzen 5 Quad Core - (8 GB/1 TB HDD/128 GB SSD/Windows 10 Home/3 GB Graphics/NVIDIA G...,10398000.00,11648000.00,10% off,4.5,HP
Asus ROG Strix Edition Core i7 7th Gen - (8 GB/1 TB HDD/128 GB SSD/Windows 10 Home/4 GB Graphics/NVIDI...,18598000.00,NaN,Nan,4,Asus
Acer Nitro 5 Core i7 9th Gen - (8 GB/1 TB HDD/256 GB SSD/Windows 10 Home/4 GB Graphics/NVIDIA Geforce ...,17198000.00,19857000.00,13% off,NaN,Acer
Asus X512FA Core i3 10th Gen - (4 GB/512 GB SSD/Windows 10 Home) X512FA-EJ372T Laptop,8198000.00,9798000.00,16% off,NaN,Asus
Lenovo Ideapad 520 Core i5 8th Gen - (4 GB/1 TB HDD/Windows 10 Home/2 GB Graphics) 520-15IKB Laptop,11027800.00,NaN,Nan,NaN,Lenovo
HP 14q Core i5 8th Gen - (4 GB/1 TB HDD/Windows 10 Home) 14q-cs0007TU Laptop,8998000.00,9641400.00,6% off,3.3,HP
Lenovo Ideapad S145 Ryzen 3 Dual Core - (4 GB/1 TB HDD/Windows 10 Home) S145-15API Thin and Light Lapt...,5598000.00,6246400.00,10% off,4,Lenovo
Lenovo Ideapad 500s Core i5 6th Gen - (4 GB/1 TB HDD/Windows 10 Home/2 GB Graphics) 500S-14ISK Laptop,10600000.00,NaN,Nan,4.1,Lenovo
Asus Core i5 8th Gen - (8 GB/1 TB HDD/Windows 10 Home/2 GB Graphics) R540UB-DM1197T Laptop,7998000.00,9722000.00,17% off,4.1,Asus
Asus VivoBook 15 Core i3 7th Gen - (4 GB/1 TB HDD/Windows 10 Home) X543UA-DM342T Laptop,5598000.00,7518200.00,25% off,4.2,Asus
HP 15q APU Dual Core A6 - (4 GB/1 TB HDD/Windows 10 Home) 15q-dy0006AU Laptop,4598000.00,5030400.00,8% off,4.1,HP
HP 14 Core i5 8th Gen - (8 GB/256 GB SSD/Windows 10 Home) 14-bf120TU Laptop,11399600.00,14512000.00,21% off,NaN,HP
Avita Liber Core i7 8th Gen - (8 GB/256 GB SSD/Windows 10 Home) NS14A2IN241P Thin and Light Laptop,15198000.00,15998000.00,5% off,NaN,Avita
Avita Liber Core i7 8th Gen - (8 GB/256 GB SSD/Windows 10 Home) NS14A2IN239P Thin and Light Laptop,15198000.00,15998000.00,5% off,NaN,Avita
Apple MacBook Core m3 7th Gen - (8 GB/256 GB SSD/Mac OS Sierra) MNYH2HN/A,22598000.00,23998000.00,5% off,NaN,Apple
Avita Liber Core i7 8th Gen - (8 GB/256 GB SSD/Windows 10 Home) NS14A2IN249P Thin and Light Laptop,15198000.00,15998000.00,5% off,NaN,Avita
HP 15s Ryzen 3 Dual Core - (4 GB/256 GB SSD/Windows 10 Home) 15s-eq0007AU Thin and Light Laptop,6198000.00,6519600.00,4% off,4.5,HP
Avita Liber Core i7 8th Gen - (8 GB/256 GB SSD/Windows 10 Home) NS14A2IN246P Thin and Light Laptop,15198000.00,15998000.00,5% off,NaN,Avita
Avita Liber Core i7 8th Gen - (8 GB/256 GB SSD/Windows 10 Home) NS14A2IN244P Thin and Light Laptop,15198000.00,15998000.00,5% off,NaN,Avita
HP G4 APU Dual Core A9 7th Gen - (4 GB/500 GB HDD/Windows 10 Home) 455 G4 Laptop,7000000.00,11760000.00,40% off,NaN,HP
HP 14q Core i3 7th Gen - (4 GB/1 TB HDD/DOS) 14q-cs0009TU Thin and Light Laptop,5398000.00,6570000.00,17% off,4.2,HP
Dell Vostro 3000 Core i5 8th Gen - (8 GB/1 TB HDD/Windows 10 Home) 3480 Laptop,10434800.00,NaN,Nan,4,Dell
Lenovo 81N400EBIN Core i5 8th Gen - (8 GB/512 GB SSD/Windows 10 Home/2 GB Graphics) C340-14IWL Thin an...,16099600.00,21978000.00,26% off,NaN,Lenovo
Asus VivoBook 15 Core i7 8th Gen - (8 GB/1 TB HDD/256 GB SSD/Windows 10 Home/2 GB Graphics) X512FL-EJ2...,13998000.00,15998000.00,12% off,4.8,Asus
Asus ROG Strix Hero II Core i7 8th Gen - (16 GB/1 TB HDD/256 GB SSD/Windows 10 Home/6 GB Graphics/NVID...,32998000.00,39598000.00,16% off,NaN,Asus
Avita Liber Core i7 8th Gen - (8 GB/256 GB SSD/Windows 10 Home) NS14A2IN247P Thin and Light Laptop,15198000.00,15998000.00,5% off,NaN,Avita
HP Pavilion 15-EC Ryzen 5 Quad Core - (8 GB/1 TB HDD/128 GB SSD/Windows 10 Home/3 GB Graphics/NVIDIA G...,10398000.00,11648000.00,10% off,4.5,HP
HP Chromebook x360 Core i3 8th Gen - (8 GB/64 GB EMMC Storage/Chrome OS) 14-da0003TU 2 in 1 Laptop,8998000.00,9376200.00,4% off,4.2,HP
Lenovo Ideapad 330 Core i3 8th Gen - (4 GB/1 TB HDD/Windows 10 Home) 330-15IKB Laptop,8498000.00,NaN,Nan,NaN,Lenovo
Asus X Series Core i3 7th Gen - (4 GB/1 TB HDD/Endless) X540UA-GQ703 Laptop,5198000.00,6798000.00,23% off,4.1,Asus
Lenovo Ideapad S145 Ryzen 3 Dual Core - (4 GB/1 TB HDD/Windows 10 Home) S145-15API Thin and Light Lapt...,5598000.00,6246400.00,10% off,4,Lenovo
HP Spectre x360 Core i5 8th Gen - (8 GB/256 GB SSD/Windows 10 Pro) 13-ap0121TU 2 in 1 Laptop,30226600.00,NaN,Nan,NaN,HP
HP Spectre Folio x360 Core i7 8th Gen - (16 GB/512 GB SSD/Windows 10 Pro) 13-ak0040TU 2 in 1 Laptop,43000000.00,43181800.00,Nan,NaN,HP
HP Spectre x360 Core i7 8th Gen - (16 GB/512 GB SSD/Windows 10 Home) 13-ap0101TU 2 in 1 Laptop,34545000.00,NaN,Nan,NaN,HP
Acer Nitro 5 Core i5 9th Gen - (8 GB/1 TB HDD/Windows 10 Home/3 GB Graphics/NVIDIA Geforce GTX 1050) A...,11998000.00,16399800.00,26% off,NaN,Acer
HP CE Core i5 8th Gen - (8 GB/256 GB SSD/Windows 10 Home/2 GB Graphics) CE1000TX Thin and Light Laptop,12998000.00,15464600.00,15% off,NaN,HP
HP 15s Ryzen 3 Dual Core - (4 GB/256 GB SSD/Windows 10 Home) 15s-eq0007AU Thin and Light Laptop,6198000.00,6519600.00,4% off,4.5,HP
Lenovo Ideapad 330 Ryzen 5 Quad Core - (4 GB/1 TB HDD/Windows 10 Home) 330-15ARR U Laptop,5998000.00,7915400.00,24% off,4.1,Lenovo
HP Omen Core i5 7th Gen - (8 GB/1 TB HDD/128 GB SSD/Windows 10 Home/4 GB Graphics/NVIDIA Geforce GTX 1...,20510200.00,NaN,Nan,NaN,HP
Dell Core i5 5th Gen - (8 GB/1 TB HDD/Windows 10 Home/4 GB Graphics) 7548 Laptop,13900000.00,NaN,Nan,1.6,Dell
HP 14q Core i3 7th Gen - (4 GB/1 TB HDD/DOS) 14q-cs0009TU Thin and Light Laptop,5398000.00,6570000.00,17% off,4.2,HP
Dell Vostro 14 3000 Core i5 8th Gen - (8 GB/1 TB HDD/Windows 10 Home/2 GB Graphics) vos 3480 Laptop,8798000.00,10903200.00,19% off,4.1,Dell
Acer Aspire 3 Celeron Dual Core - (2 GB/500 GB HDD/Linux) A315-31 Laptop,4100000.00,NaN,Nan,3.9,Acer
Avita Liber Core i3 8th Gen - (8 GB/128 GB SSD/Windows 10 Home) NS14A2IN190P Thin and Light Laptop,7798000.00,9198000.00,15% off,NaN,Avita
Microsoft Surface Go Pentium Gold - (8 GB/128 GB SSD/Windows 10 Home in S Mode) 1824 2 in 1 Laptop,9999800.00,10199800.00,1% off,4.4,Microsoft
Alienware 15 Core i9 8th Gen - (32 GB/1 TB HDD/1 TB SSD/Windows 10 Home/8 GB Graphics/NVIDIA Geforce G...,64198000.00,64321800.00,Nan,NaN,Alienware
HP Pavilion 15-EC Ryzen 5 Quad Core - (8 GB/1 TB HDD/128 GB SSD/Windows 10 Home/3 GB Graphics/NVIDIA G...,10398000.00,11648000.00,10% off,4.5,HP
Dell Inspiron 14 3000 Series Core i3 7th Gen - (4 GB/1 TB HDD/Windows 10 Home) 3467 Laptop,5998000.00,6473400.00,7% off,3.8,Dell
HP Pavilion 13 Core i5 8th Gen - (8 GB/256 GB SSD/Windows 10 Home) 13-an0046tu Thin and Light Laptop,15850200.00,NaN,Nan,NaN,HP
Dell Inspiron 15 7000 Series Core i5 8th Gen - (8 GB/1 TB HDD/128 GB SSD/Windows 10 Home/2 GB Graphics...,16398000.00,18215200.00,9% off,NaN,Dell
Lenovo Ideapad S145 Ryzen 3 Dual Core - (4 GB/1 TB HDD/Windows 10 Home) S145-15API Thin and Light Lapt...,5598000.00,6246400.00,10% off,4,Lenovo
Apple Macbook Pro Core i7 8th Gen - (16 GB/512 GB SSD/Mac OS Mojave/4 GB Graphics) MR942HN/A,47998000.00,51998000.00,7% off,4,Apple
Apple MacBook Pro Core i7 7th Gen - (16 GB/512 GB SSD/Mac OS Sierra/2 GB Graphics) MPTT2HN/A,45998000.00,48998000.00,6% off,NaN,Apple
HP Omen Core i5 7th Gen - (8 GB/1 TB HDD/128 GB SSD/Windows 10 Home/6 GB Graphics/NVIDIA Geforce GTX 1...,27419600.00,NaN,Nan,NaN,HP
Acer Swift 3 Core i5 8th Gen - (4 GB/256 GB SSD/Linux) SF314-52 Laptop,9999800.00,10199800.00,1% off,NaN,Acer
Avita Liber Core i5 8th Gen - (8 GB/256 GB SSD/Windows 10 Home) NS14A2IN206P Thin and Light Laptop,8398000.00,13198000.00,36% off,4.4,Avita
HP 15q APU Dual Core A6 - (4 GB/1 TB HDD/Windows 10 Home) 15q-dy0006AU Laptop,4598000.00,5030400.00,8% off,4.1,HP
Lenovo Ideapad S145 Core i3 10th Gen - (4 GB/1 TB HDD/Windows 10 Home) S145 Thin and Light Laptop,7199600.00,8658000.00,16% off,NaN,Lenovo
Smartron t.book flex Core m3 7th Gen - (4 GB/128 GB SSD/Windows 10 Home) T1223 2 in 1 Laptop,8498000.00,9198000.00,7% off,4.3,Smartron
HP 15q Ryzen 5 Quad Core - (4 GB/1 TB HDD/Windows 10 Home) 15q-dy0008AU Laptop,6798000.00,9282400.00,26% off,4,HP
HP 15s Ryzen 3 Dual Core - (4 GB/256 GB SSD/Windows 10 Home) 15s-eq0007AU Thin and Light Laptop,6198000.00,6519600.00,4% off,4.5,HP
Lenovo Ideapad S145 APU Dual Core A6 - (4 GB/1 TB HDD/Windows 10 Home) S145-14AST Thin and Light Lapto...,4198000.00,5016000.00,16% off,3.6,Lenovo
Dell Inspiron 5000 Core i7 8th Gen - (8 GB/1 TB HDD/512 GB SSD/Windows 10 Home/4 GB Graphics) 5584 Lap...,15998000.00,17198000.00,6% off,4.4,Dell
Dell Inspiron 5447 Notebook (4th Gen Ci5/ 4GB/ 1TB/ Win8.1/ 2GB Graph) (5447541TB2S),9660000.00,NaN,Nan,3.9,Dell
HP Chromebook Celeron Dual Core - (4 GB/64 GB EMMC Storage/Chrome OS) 14-ca003TU Laptop,4798000.00,5998000.00,20% off,4,HP
MSI GL Series Core i5 8th Gen - (8 GB/1 TB HDD/Windows 10 Home/4 GB Graphics/NVIDIA Geforce GTX 1050) ...,12198000.00,14998000.00,18% off,4.4,MSI
HP 14q Core i3 7th Gen - (4 GB/1 TB HDD/DOS) 14q-cs0009TU Thin and Light Laptop,5398000.00,6570000.00,17% off,4.2,HP
Avita Liber Core i5 8th Gen - (8 GB/512 GB SSD/Windows 10 Home) NS14A2IN218P Thin and Light Laptop,14598000.00,15398000.00,5% off,NaN,Avita
Avita Liber Core i5 8th Gen - (8 GB/512 GB SSD/Windows 10 Home) NS14A2IN223P Thin and Light Laptop,14598000.00,15398000.00,5% off,NaN,Avita
Avita Liber Core i5 8th Gen - (8 GB/512 GB SSD/Windows 10 Home) NS14A2IN215P Thin and Light Laptop,14598000.00,15398000.00,5% off,NaN,Avita
HP Pavilion 15-EC Ryzen 5 Quad Core - (8 GB/1 TB HDD/128 GB SSD/Windows 10 Home/3 GB Graphics/NVIDIA G...,10398000.00,11648000.00,10% off,4.5,HP
Avita Liber Core i5 7th Gen - (8 GB/512 GB SSD/Windows 10 Home) NS13A1IN013P Thin and Light Laptop,14798000.00,15998000.00,7% off,NaN,Avita
Avita Liber Core i5 7th Gen - (8 GB/512 GB SSD/Windows 10 Home) NS13A1IN012P Thin and Light Laptop,14798000.00,15998000.00,7% off,NaN,Avita
Avita Liber Core i5 7th Gen - (8 GB/512 GB SSD/Windows 10 Home) NS13A1IN019P Thin and Light Laptop,14798000.00,15998000.00,7% off,NaN,Avita
MSI G Core i7 9th Gen - (16 GB/512 GB SSD/Windows 10 Home/6 GB Graphics/NVIDIA Geforce GTX 1660 Ti) GF...,20998000.00,NaN,Nan,NaN,MSI
Dell Inspiron 3000 Core i7 9th Gen - (8 GB/1 TB HDD/512 GB SSD/Windows 10 Home/4 GB Graphics/NVIDIA Ge...,19398000.00,21598000.00,10% off,NaN,Dell
Lenovo Ideapad S145 Ryzen 3 Dual Core - (4 GB/1 TB HDD/Windows 10 Home) S145-15API Thin and Light Lapt...,5598000.00,6246400.00,10% off,4,Lenovo
Asus VivoBook Ryzen 5 Quad Core - (8 GB/1 TB HDD/Windows 10 Home) X505ZA-EJ509TX505Z Thin and Light La...,7300000.00,8798000.00,17% off,4.2,Asus
Lenovo Ideapad 330 Core i3 7th Gen - (4 GB/1 TB HDD/Windows 10 Home) 330-15IKB Laptop,8798000.00,NaN,Nan,4.3,Lenovo
HP 15 Core i5 8th Gen - (8 GB/1 TB HDD/Windows 10/2 GB Graphics) 15g-dr0006tx Laptop,11198000.00,13198000.00,15% off,4.1,HP
HP 15q APU Dual Core A6 - (4 GB/1 TB HDD/Windows 10 Home) 15q-dy0006AU Laptop,4598000.00,5030400.00,8% off,4.1,HP
Lenovo Ideapad 330s Core i3 7th Gen - (4 GB/1 TB HDD/Windows 10 Home) 330S-15IKB Thin and Light Laptop,8461800.00,NaN,Nan,4,Lenovo
Dell Inspiron 13 5000 Core i7 8th Gen - (8 GB/256 GB SSD/Windows 10 Home/2 GB Graphics) 5370 Thin and ...,15798000.00,16932800.00,6% off,4.2,Dell
HP Pavilion 13 Core i5 8th Gen - (8 GB/128 GB SSD/Windows 10 Home) 13-an0045tu Thin and Light Laptop,11598000.00,15202400.00,23% off,4.4,HP
Alienware 17 Core i9 8th Gen - (32 GB/1 TB HDD/1 TB SSD/Windows 10 Home/8 GB Graphics/NVIDIA Geforce G...,69798000.00,69963400.00,Nan,NaN,Alienware
Dell Inspiron 15 5000 Core i5 8th Gen - (8 GB/1 TB HDD/Windows 10 Home/2 GB Graphics) 5570 Laptop,10070000.00,13998000.00,28% off,3.9,Dell
HP 15s Ryzen 3 Dual Core - (4 GB/256 GB SSD/Windows 10 Home) 15s-eq0007AU Thin and Light Laptop,6198000.00,6519600.00,4% off,4.5,HP
Asus Core i5 8th Gen - (4 GB/1 TB HDD/Windows 10 Home) X540UA-DM1027T Laptop,6798000.00,9798000.00,30% off,3.8,Asus
Dell Inspiron 15 7000 Core i5 8th Gen - (8 GB/1 TB HDD/128 GB SSD/Windows 10 Home/4 GB Graphics) 7570 ...,15998000.00,16721000.00,4% off,4.6,Dell
MSI Core i7 9th Gen - (16 GB/1 TB HDD/256 GB SSD/Windows 10 Home/6 GB Graphics/NVIDIA Geforce GTX 1660...,26798000.00,26998000.00,Nan,NaN,MSI
HP 14q Core i3 7th Gen - (4 GB/1 TB HDD/DOS) 14q-cs0009TU Thin and Light Laptop,5398000.00,6570000.00,17% off,4.2,HP
HP Pavilion Core i7 8th Gen - (8 GB/2 TB HDD/Windows 10 Home/4 GB Graphics) 15-CS1052TX Thin and Light...,16998000.00,17998000.00,5% off,NaN,HP
Lenovo Legion Y530 Core i5 8th Gen - (8 GB/1 TB HDD/128 GB SSD/Windows 10 Home/4 GB Graphics/NVIDIA Ge...,15599800.00,19000000.00,17% off,4.3,Lenovo
Dell Inspiron 5000 Core i7 8th Gen - (8 GB/256 GB SSD/Windows 10 Home/4 GB Graphics) 5370 Thin and Lig...,13198000.00,17706400.00,25% off,4.5,Dell
HP 15 Ryzen 3 Dual Core - (4 GB/1 TB HDD/Windows 10 Home) 15-db0186AU Laptop,5798000.00,7598000.00,23% off,3.9,HP
Asus ZenBook 13 Core i5 8th Gen - (8 GB/512 GB SSD/Windows 10 Home) UX331FAL-EG003T Thin and Light Lap...,12398000.00,17198000.00,27% off,4.5,Asus
HP Pavilion 15-EC Ryzen 5 Quad Core - (8 GB/1 TB HDD/128 GB SSD/Windows 10 Home/3 GB Graphics/NVIDIA G...,10398000.00,11648000.00,10% off,4.5,HP
Acer Aspire 3 Ryzen 5 Quad Core - (4 GB/1 TB HDD/Windows 10 Home) A315-41 Laptop,5798000.00,8621000.00,32% off,3.9,Acer
Dell G3 Series Core i7 8th Gen - (8 GB/1 TB HDD/128 GB SSD/Windows 10 Home/4 GB Graphics/NVIDIA Geforc...,17398000.00,19628200.00,11% off,4.4,Dell
iBall CompBook Pentium Quad Core - (4 GB/32 GB EMMC Storage/Windows 10 Home) Premio v3.0 Laptop,2798000.00,3999800.00,30% off,3.8,iBall
Lenovo Ideapad S145 Ryzen 3 Dual Core - (4 GB/1 TB HDD/Windows 10 Home) S145-15API Thin and Light Lapt...,5598000.00,6246400.00,10% off,4,Lenovo
Avita Liber Core i5 8th Gen - (8 GB/256 GB SSD/Windows 10 Home) NS14A2IN196P Thin and Light Laptop,8398000.00,13198000.00,36% off,4.4,Avita
Lenovo Ideapad 320 APU Dual Core A6 - (4 GB/1 TB HDD/DOS) IP 320-15AST Laptop,4198000.00,4972400.00,15% off,3.9,Lenovo
Apple MacBook Pro Core i9 8th Gen - (16 GB/512 GB SSD/Mac OS Mojave/4 GB Graphics) MV912HN,41998000.00,47980000.00,12% off,4.7,Apple
MSI G Ryzen 7 Quad Core - (16 GB/1 TB HDD/256 GB SSD/Windows 10 Home/4 GB Graphics/AMD Radeon RX 5500M...,13998000.00,18998000.00,26% off,4.1,MSI
Lenovo Ideapad 330 Core i5 8th Gen - (8 GB/1 TB HDD/Windows 10 Home/4 GB Graphics/NVIDIA Geforce GTX 1...,10798000.00,15938000.00,32% off,4.1,Lenovo
HP 15q APU Dual Core A6 - (4 GB/1 TB HDD/Windows 10 Home) 15q-dy0006AU Laptop,4598000.00,5030400.00,8% off,4.1,HP
Asus VivoBook 14 Core i5 8th Gen - (8 GB/512 GB SSD/Windows 10 Home) X412FA-EK295T Thin and Light Lapt...,10198000.00,13198000.00,22% off,4.4,Asus
Apple MacBook Air Core i5 8th Gen - (8 GB/128 GB SSD/Mac OS Mojave) MRE82HN/A,21398000.00,22980000.00,6% off,4.7,Apple
Asus TUF Core i5 8th Gen - (8 GB/1 TB HDD/128 GB SSD/Windows 10 Home/4 GB Graphics/NVIDIA Geforce GTX ...,13398000.00,16598000.00,19% off,4.5,Asus
HP 15s Ryzen 3 Dual Core - (4 GB/256 GB SSD/Windows 10 Home) 15s-eq0007AU Thin and Light Laptop,6198000.00,6519600.00,4% off,4.5,HP
Acer NITRO 5 Core i5 9th Gen - (8 GB/1 TB HDD/256 GB SSD/Windows 10 Home/4 GB Graphics/NVIDIA Geforce ...,12598000.00,19399800.00,35% off,3.7,Acer
Lenovo Ideapad S145 Core i3 7th Gen - (4 GB/1 TB HDD/Windows 10 Home) S145-15IKB Thin and Light Laptop,5998000.00,7658000.00,21% off,3.9,Lenovo
Lenovo AMD Celeron Quad Core - (4 GB/1 TB HDD/Windows 10 Home) S145-15IGM Laptop,4500000.00,4558000.00,1% off,3.7,Lenovo
Dell Inspiron 7000 Core i5 6th Gen - (8 GB/1 TB HDD/8 GB SSD/Windows 10 Home/4 GB Graphics/NVIDIA Gefo...,17753600.00,NaN,Nan,3,Dell
HP DA Core i3 7th Gen - (4 GB/1 TB HDD/Windows 10 Home) 15-DA0410TU Laptop,6099800.00,6690000.00,8% off,4.3,HP
HP 14q Core i3 7th Gen - (4 GB/1 TB HDD/DOS) 14q-cs0009TU Thin and Light Laptop,5398000.00,6570000.00,17% off,4.2,HP
HP G7 Core i3 7th Gen - (4 GB/1 TB HDD/DOS) 250 G7 Laptop,5699800.00,6257400.00,8% off,4.1,HP
Asus ROG Strix Core i7 8th Gen - (8 GB/1 TB HDD/256 GB SSD/Windows 10 Home/4 GB Graphics/NVIDIA Geforc...,15398000.00,22798000.00,32% off,4.4,Asus
Asus ROG Strix Core i5 8th Gen - (8 GB/1 TB HDD/256 GB SSD/Windows 10 Home/4 GB Graphics/NVIDIA Geforc...,17198000.00,18190000.00,5% off,4.5,Asus
HP Pavilion 15-EC Ryzen 5 Quad Core - (8 GB/1 TB HDD/128 GB SSD/Windows 10 Home/3 GB Graphics/NVIDIA G...,10398000.00,11648000.00,10% off,4.5,HP
Lenovo Ideapad S340 Ryzen 3 Dual Core - (8 GB/1 TB HDD/128 GB SSD/Windows 10 Home) S340-14API Laptop,7398000.00,10478000.00,29% off,NaN,Lenovo
Asus 15.6 Ryzen 3 Dual Core - (4 GB/1 TB HDD/Windows 10 Home) X505ZA-EJ492TX505Z Laptop,6598000.00,6998000.00,5% off,3.6,Asus
Dell Inspiron 15 5000 Core i5 8th Gen - (8 GB/2 TB HDD/Windows 10 Home/2 GB Graphics) 5570 Laptop,10598000.00,14898000.00,28% off,4.1,Dell
Dell Vostro Core i3 6th Gen - (4 GB/1 TB HDD/Windows 10) 3568 Laptop,5980000.00,7998000.00,25% off,4,Dell
Lenovo Ideapad S145 Pentium Gold - (4 GB/1 TB HDD/DOS) 81mvlenovo ideapad s145-15iwl u Laptop,4998000.00,6418000.00,22% off,3.6,Lenovo
Lenovo Ideapad S145 Ryzen 3 Dual Core - (4 GB/1 TB HDD/Windows 10 Home) S145-15API Thin and Light Lapt...,5598000.00,6246400.00,10% off,4,Lenovo
Acer Spin 3 Core i3 6th Gen - (4 GB/1 TB HDD/Windows 10 Home) SP315-51-3723 2 in 1 Laptop,6898000.00,9598000.00,28% off,3.5,Acer
Asus X505ZA Ryzen 5 Quad Core 7th Gen - (4 GB/1 TB HDD/Windows 10 Home) X505ZA-EJ563T Laptop,6510000.00,8198000.00,20% off,NaN,Asus
MSI P Core i5 10th Gen - (8 GB/512 GB SSD/Windows 10 Home/2 GB Graphics) Prestige 14 A10RB-032IN Thin ...,15998000.00,17998000.00,11% off,4.3,MSI
HP 15q APU Dual Core A6 - (4 GB/1 TB HDD/Windows 10 Home) 15q-dy0006AU Laptop,4598000.00,5030400.00,8% off,4.1,HP
HP Pavilion 15 Core i5 8th Gen - (8 GB/1 TB HDD/Windows 10 Home/4 GB Graphics/NVIDIA Geforce GTX 1050)...,11998000.00,15137400.00,20% off,4.3,HP
Lenovo Ideapad S145 Core i3 8th Gen - (8 GB/1 TB HDD/Windows 10 Home/2 GB Graphics/NVIDIA Geforce NVID...,10398000.00,10478000.00,Nan,NaN,Lenovo
Dell G3 15 3000 Series Core i5 8th Gen - (8 GB + 16 GB Optane/1 TB HDD/Windows 10 Home/4 GB Graphics/N...,13318000.00,15698000.00,15% off,4.4,Dell
Dell Vostro 3000 Core i5 8th Gen - (4 GB/1 TB HDD/Linux) 3580 Laptop,8998000.00,9558000.00,5% off,NaN,Dell
Lenovo Ideapad S145 Core i3 7th Gen - (4 GB/1 TB HDD/Windows 10 Home) S145-15IKB Thin and Light Laptop,6100000.00,8278000.00,26% off,3.8,Lenovo
HP 15s Ryzen 3 Dual Core - (4 GB/256 GB SSD/Windows 10 Home) 15s-eq0007AU Thin and Light Laptop,6198000.00,6519600.00,4% off,4.5,HP
Apple MacBook Air Core i5 8th Gen - (8 GB/128 GB SSD/Mac OS Mojave) MREE2HN/A,21398000.00,22980000.00,6% off,4.7,Apple
Apple MacBook Air Core i5 5th Gen - (8 GB/128 GB SSD/Mac OS Sierra) A1466,15198000.00,16434000.00,7% off,4.6,Apple
Apple MacBook Air Core i5 8th Gen - (8 GB/128 GB SSD/Mac OS Mojave) MREA2HN/A,21398000.00,22998000.00,6% off,4.7,Apple
HP 14q Core i3 7th Gen - (4 GB/1 TB HDD/DOS) 14q-cs0009TU Thin and Light Laptop,5398000.00,6570000.00,17% off,4.2,HP
Microsoft Surface Pro 6 Core i7 8th Gen - (8 GB/256 GB SSD/Windows 10 Home) 1796 2 in 1 Laptop,22100000.00,28399800.00,22% off,NaN,Microsoft
Dell Inspiron 3000 Core i5 10th Gen - (4 GB/1 TB HDD/256 GB SSD/Windows 10 Home) 3593 Laptop,12368800.00,NaN,Nan,5,Dell
HP Pavilion x360 Core i3 8th Gen - (4 GB/256 GB SSD/Windows 10 Home) 14-dh0101TU 2 in 1 Laptop,10098000.00,10752600.00,6% off,4.4,HP
HP Pavilion x360 Core i7 8th Gen - (12 GB/512 GB SSD/Windows 10 Home/4 GB Graphics) 14-cd0056TX 2 in 1...,21998000.00,23789600.00,7% off,4.7,HP
Dell Inspiron 3000 Ryzen 5 Quad Core - (4 GB/1 TB HDD/Windows 10 Home) 3585 Laptop,7594400.00,NaN,Nan,4,Dell
HP Pavilion 15-EC Ryzen 5 Quad Core - (8 GB/1 TB HDD/128 GB SSD/Windows 10 Home/3 GB Graphics/NVIDIA G...,10398000.00,11648000.00,10% off,4.5,HP
HP Pavilion x360 Core i3 8th Gen - (4 GB/1 TB HDD/256 GB SSD/Windows 10 Home/2 GB Graphics) 14-dh0044T...,11198000.00,13999000.00,20% off,4.7,HP
MSI GL Core i7 7th Gen - (8 GB/1 TB HDD/Windows 10 Home/4 GB Graphics/NVIDIA Geforce GTX 1050) GL62 7R...,15998000.00,18998000.00,15% off,3.5,MSI
HP DI Core i5 10th Gen - (8 GB/1 TB HDD/64 GB EMMC Storage/Windows 10 Home/2 GB Graphics) DI2001TX Lap...,13400000.00,13584400.00,1% off,NaN,HP
Lenovo Ideapad S145 Ryzen 3 Dual Core - (4 GB/1 TB HDD/Windows 10 Home) S145-15API Thin and Light Lapt...,5598000.00,6246400.00,10% off,4,Lenovo
Acer Swift 3 Core i5 8th Gen - (8 GB + 16 GB Optane/1 TB HDD/Windows 10 Home/2 GB Graphics) SF315-52G-...,11599800.00,15998000.00,27% off,4.4,Acer
Lenovo Thinpad E480 Core i3 7th Gen - (4 GB/500 GB HDD/Windows 10 Pro/512 MB Graphics) ThinkPad E480 L...,11199800.00,11561000.00,3% off,NaN,Lenovo
Lenovo Ideapad 520 Core i5 8th Gen - (8 GB/2 TB HDD/Windows 10 Home/2 GB Graphics) 520-15IKB Laptop,15000000.00,15800000.00,5% off,4.3,Lenovo
Acer Aspire 3 APU Dual Core A4 - (4 GB/1 TB HDD/Windows 10 Home) A315-21 Laptop,4999800.00,6000000.00,16% off,4,Acer
Dell Inspiron 5000 Core i5 7th Gen - (8 GB/1 TB HDD/Windows 10 Home) 5578 2 in 1 Laptop,15398000.00,15800000.00,2% off,4.2,Dell
HP 15s Ryzen 3 Dual Core - (4 GB/256 GB SSD/Windows 10 Home) 15s-eq0007AU Thin and Light Laptop,6198000.00,6519600.00,4% off,4.5,HP
Dell Vostro 15 3000 Core i3 6th Gen - (4 GB/1 TB HDD/Windows 10 Home) 3568 Laptop,6198000.00,7998000.00,22% off,4,Dell
Dell Inspiron 15 3000 Core i3 7th Gen - (4 GB/1 TB HDD/Windows 10 Home) 3567 Laptop,8241800.00,8242000.00,Nan,3.8,Dell
Asus VIVOBOOK APU Dual Core E2 - (4 GB/256 GB SSD/Windows 10 Home) E402YA-GA256T Thin and Light Laptop,3998000.00,6198000.00,35% off,3.9,Asus
HP 14q Core i3 7th Gen - (4 GB/1 TB HDD/DOS) 14q-cs0009TU Thin and Light Laptop,5398000.00,6570000.00,17% off,4.2,HP
HP Pavilion Core i3 7th Gen - (8 GB/1 TB HDD/Windows 10 Home/2 GB Graphics) da0435tx Laptop,8998000.00,10264800.00,12% off,4.3,HP
HP Pavilion x360 Core i5 8th Gen - (8 GB + 16 GB Optane/1 TB HDD/Windows 10 Home/2 GB Graphics) 14-cd0...,15798000.00,17097000.00,7% off,4.3,HP
HP Pavilion Core i7 9th Gen - (8 GB/1 TB HDD/256 GB SSD/Windows 10 Home/4 GB Graphics/NVIDIA Geforce G...,19398000.00,20711600.00,6% off,4.9,HP
Dell Inspiron 15 5000 Core i3 6th Gen - (4 GB/1 TB HDD/Windows 10 Home) 5567 Laptop,7398000.00,7400000.00,Nan,3.9,Dell
HP G7 Ryzen 3 Dual Core - (4 GB/1 TB HDD/DOS) 245 G7 Laptop,4498000.00,5383800.00,16% off,3.9,HP
HP Pavilion 15-EC Ryzen 5 Quad Core - (8 GB/1 TB HDD/128 GB SSD/Windows 10 Home/3 GB Graphics/NVIDIA G...,10398000.00,11648000.00,10% off,4.5,HP
Dell Inspiron 15 5000 Core i5 8th Gen - (8 GB/2 TB HDD/Windows 10 Home/4 GB Graphics) 5570 Laptop,15398000.00,15600000.00,1% off,4.4,Dell
Dell Inspiron 15 5000 Core i5 8th Gen - (8 GB/2 TB HDD/Windows 10 Home/2 GB Graphics) 5570 Laptop,12797000.00,14000000.00,8% off,4.2,Dell
HP Pavilion x360 Core i7 10th Gen - (16 GB/512 GB SSD/Windows 10 Home/2 GB Graphics) 14-dh1026TX 2 in ...,21980000.00,23018800.00,4% off,NaN,HP
Lenovo Ideapad S145 Ryzen 3 Dual Core - (4 GB/1 TB HDD/Windows 10 Home) S145-15API Thin and Light Lapt...,5598000.00,6246400.00,10% off,4,Lenovo
HP 14q Core i3 7th Gen - (4 GB/1 TB HDD/Windows 10 Home) 14q-cs0014TU Laptop,7328200.00,NaN,Nan,3.9,HP
HP Pavilion 15 Core i5 8th Gen - (8 GB/1 TB HDD/128 GB SSD/Windows 10 Home/4 GB Graphics/NVIDIA Geforc...,13198000.00,16624800.00,20% off,4.3,HP
HP Omen Core i7 8th Gen - (16 GB/1 TB HDD/256 GB SSD/Windows 10 Home/8 GB Graphics/NVIDIA Geforce RTX ...,35998000.00,36871800.00,2% off,4,HP
HP Pavilion Core i5 8th Gen - (8 GB/1 TB HDD/Windows 10 Home/4 GB Graphics/NVIDIA Geforce GTX 1050) 15...,12998000.00,16648400.00,21% off,NaN,HP
Asus Ryzen 5 Quad Core - (8 GB/1 TB HDD/Windows 10 Home/4 GB Graphics/NVIDIA Geforce GTX 1050) F570ZD-...,10000000.00,12998000.00,23% off,4.2,Asus
HP 15q APU Dual Core A6 - (4 GB/1 TB HDD/Windows 10 Home) 15q-dy0006AU Laptop,4598000.00,5030400.00,8% off,4.1,HP
Dell Inspiron 13 7000 Core i5 8th Gen - (8 GB/256 GB SSD/Windows 10 Home) 7373 2 in 1 Laptop,15998000.00,17400000.00,8% off,NaN,Dell
HP Pavilion Core i5 7th Gen - (4 GB/1 TB HDD/Windows 10 Home/4 GB Graphics) 15-AU624TX Laptop,10198000.00,12711800.00,19% off,4.1,HP
HP Pavilion x360 Core i5 10th Gen - (8 GB/1 TB HDD/256 GB SSD/Windows 10 Home/2 GB Graphics) 14-dh1025...,16959800.00,18811200.00,9% off,NaN,HP
HP 15s Ryzen 3 Dual Core - (4 GB/256 GB SSD/Windows 10 Home) 15s-eq0007AU Thin and Light Laptop,6198000.00,6519600.00,4% off,4.5,HP
HP 15 Core i5 8th Gen - (8 GB/1 TB HDD/DOS/2 GB Graphics) 15-da0077tx Laptop,9985800.00,11579800.00,13% off,4.3,HP
Lenovo Ideapad C340 Ryzen 3 Dual Core - (4 GB/256 GB SSD/Windows 10 Home) C340-14API 2 in 1 Laptop,8521600.00,11738000.00,27% off,NaN,Lenovo
Dell Core i3 6th Gen - (4 GB/1 TB HDD/Windows 10 Home) 5559 Laptop,9098000.00,9200000.00,1% off,4,Dell
HP Spectre X360 Core i7 8th Gen - (16 GB/512 GB SSD/Windows 10 Home) 13-AP0033DX 2 in 1 Laptop,29198000.00,39798000.00,26% off,NaN,HP
Lenovo Ideapad C340 Ryzen 5 Quad Core - (8 GB/1 TB SSD/Windows 10 Home) C340-14API 2 in 1 Laptop,13200000.00,14000000.00,5% off,NaN,Lenovo
HP 14q Core i3 7th Gen - (4 GB/1 TB HDD/DOS) 14q-cs0009TU Thin and Light Laptop,5398000.00,6570000.00,17% off,4.2,HP
HP 200 APU Dual Core A6 7th Gen - (4 GB/1 TB HDD/DOS) 245 G7 Notebook Laptop,4099800.00,4497800.00,8% off,3.7,HP
Lenovo Ideapad S145 APU Dual Core A9 - (4 GB/1 TB HDD/Windows 10 Home) S145-15AST Laptop,4398000.00,5978000.00,26% off,NaN,Lenovo
Asus VIVOBOOK Core i3 7th Gen - (4 GB/1 TB HDD/DOS) X441UA-GA508 Laptop,4860000.00,6598000.00,26% off,3.9,Asus
HP Pavilion 15-EC Ryzen 5 Quad Core - (8 GB/1 TB HDD/128 GB SSD/Windows 10 Home/3 GB Graphics/NVIDIA G...,10398000.00,11648000.00,10% off,4.5,HP
HP Pavilion 15 Core i5 8th Gen - (8 GB/1 TB HDD/8 GB SSD/Windows 10 Home/2 GB Graphics) 15-CC129TX Lap...,13078000.00,13092600.00,Nan,4.4,HP
Dell Inspiron Core i5 7th Gen - (8 GB/1 TB HDD/Windows 10 Home/2 GB Graphics) 5567 Laptop,12998000.00,13000000.00,Nan,4.1,Dell
HP Pavilion x360 Core i5 8th Gen - (8 GB/1 TB HDD/128 GB SSD/Windows 10 Home) 14-cd0087TU 2 in 1 Lapto...,14998000.00,16757000.00,10% off,4.5,HP
Lenovo Ideapad 330 Core i5 8th Gen - (4 GB + 16 GB Optane/1 TB HDD/Windows 10 Home/4 GB Graphics) Idea...,11699800.00,11998000.00,2% off,NaN,Lenovo
AGB Orion Core i7 7th Gen - (16 GB/1 TB HDD/1 TB SSD/Windows 10/2 GB Graphics/Intel Integrated HD620) ...,15859800.00,20400000.00,22% off,NaN,AGB
Lenovo Ideapad S145 Ryzen 3 Dual Core - (4 GB/1 TB HDD/Windows 10 Home) S145-15API Thin and Light Lapt...,5598000.00,6246400.00,10% off,4,Lenovo
HP Spectre x360 Core i5 8th Gen - (8 GB/256 GB SSD/Windows 10 Home) 13-ap0100TU 2 in 1 Laptop,20998000.00,27024800.00,22% off,NaN,HP
Dell Inspiron 5000 Core i5 10th Gen - (8 GB/512 GB SSD/Windows 10 Home) 5491 Laptop,14398000.00,15866800.00,9% off,NaN,Dell
Dell Inspiron 5000 Core i7 6th Gen - (16 GB/2 TB HDD/Windows 10 Home/4 GB Graphics) 5559 Laptop,18280000.00,18400000.00,Nan,3.7,Dell
HP 15q APU Dual Core A6 - (4 GB/1 TB HDD/Windows 10 Home) 15q-dy0006AU Laptop,4598000.00,5030400.00,8% off,4.1,HP
Lenovo Yoga S940 Core i7 8th Gen - (16 GB/1 TB SSD/Windows 10 Home) S940-14IWL Thin and Light Laptop,39999800.00,NaN,Nan,NaN,Lenovo
Dell Inspiron 5000 Core i5 6th Gen - (8 GB/1 TB HDD/Windows 10 Home/4 GB Graphics) 5559 Laptop,13598000.00,13800000.00,1% off,3.8,Dell
HP 240 G7 Core i3 7th Gen - (4 GB/256 GB SSD/DOS) 240 G7 Laptop,5889800.00,6072600.00,3% off,4.3,HP
Lenovo V145 APU Dual Core A6 7th Gen - (4 GB/1 TB HDD/DOS) V145-15AST U Thin and Light Laptop,4159800.00,5400000.00,22% off,3.8,Lenovo
Dell Core i5 6th Gen - (4 GB/1 TB HDD/Windows 10 Home/2 GB Graphics) 5559 Laptop,12798000.00,13800000.00,7% off,NaN,Dell
HP 15s Ryzen 3 Dual Core - (4 GB/256 GB SSD/Windows 10 Home) 15s-eq0007AU Thin and Light Laptop,6198000.00,6519600.00,4% off,4.5,HP
Dell Inspiron 5000 Core i5 7th Gen - (8 GB/2 TB HDD/Windows 10 Home/4 GB Graphics) 5567 Laptop,16800000.00,17000000.00,1% off,4,Dell
Dell Inspiron Core i5 7th Gen - (8 GB/1 TB HDD/Windows 10 Home/2 GB Graphics) 5567 Laptop,14198000.00,14400000.00,1% off,4.1,Dell
HP 14 Core i5 8th Gen - (8 GB/256 GB SSD/Windows 10 Home) 14-ce1000TU Laptop,11180000.00,14198000.00,21% off,3,HP
HP 14q Core i3 7th Gen - (4 GB/1 TB HDD/DOS) 14q-cs0009TU Thin and Light Laptop,5398000.00,6570000.00,17% off,4.2,HP
Dell Inspiron 15 7000 Core i7 8th Gen - (8 GB/1 TB HDD/256 GB SSD/Windows 10 Home/4 GB Graphics) 7570 ...,21800000.00,22000000.00,Nan,4.6,Dell
Dell 3000 Core i5 7th Gen - (8 GB/1 TB HDD/Windows 10/2 GB Graphics) 3567 Laptop,13198000.00,13600000.00,2% off,3.6,Dell
Dell 5000 Core i5 6th Gen - (8 GB/1 TB HDD/Windows 10 Home) 5568 2 in 1 Laptop,14390000.00,15200000.00,5% off,NaN,Dell
Dell 5000 Core i3 6th Gen - (4 GB/1 TB HDD/Windows 10 Home) 5368 2 in 1 Laptop,12198000.00,12600000.00,3% off,3.9,Dell
HP ProBook Core i5 7th Gen - (4 GB/1 TB HDD/Windows 10 Pro) 440 Business Laptop,14212000.00,NaN,Nan,NaN,HP
HP Pavilion 15-EC Ryzen 5 Quad Core - (8 GB/1 TB HDD/128 GB SSD/Windows 10 Home/3 GB Graphics/NVIDIA G...,10398000.00,11648000.00,10% off,4.5,HP
HP G6 APU Dual Core A9 - (4 GB/1 TB HDD/DOS) 245-G6 Laptop,3919800.00,5013800.00,21% off,3.7,HP
Lenovo Ideapad 330S Core i5 8th Gen - (4 GB + 16 GB Optane/1 TB HDD/Windows 10 Home/512 MB Graphics) 8...,11600000.00,NaN,Nan,NaN,Lenovo
Dell Inspiron 5000 Core i5 7th Gen - (8 GB/1 TB HDD/Windows 10 Home/4 GB Graphics) 5567 Laptop,13798000.00,15000000.00,8% off,4,Dell
Lenovo Ideapad S145 Ryzen 3 Dual Core - (4 GB/1 TB HDD/Windows 10 Home) S145-15API Thin and Light Lapt...,5598000.00,6246400.00,10% off,4,Lenovo
Dell Inspiron 5000 Core i5 10th Gen - (8 GB/512 GB SSD/Windows 10 Home/2 GB Graphics) 5491 Laptop,16398000.00,17905400.00,8% off,NaN,Dell
Lenovo Core i7-8550U Core i7 7th Gen - (16 GB/500 GB HDD/500 GB SSD/Windows 10/16 GB Graphics) ThinkPa...,45000000.00,NaN,Nan,NaN,Lenovo
HP Core i5 6th Gen - (4 GB/500 GB HDD/DOS) 240 G5 Laptop,8600000.00,9400000.00,8% off,3.5,HP
HP Core i5 7th Gen - (4 GB/1 TB HDD/Windows 10 Home) 250 G6 Laptop,8899600.00,8919800.00,Nan,4.2,HP
Asus VivoBook 15 Core i3 8th Gen - (4 GB/1 TB HDD/Windows 10 Home) X540UA-GQ2113T Laptop,6198000.00,8398000.00,26% off,4.1,Asus
HP 15q APU Dual Core A6 - (4 GB/1 TB HDD/Windows 10 Home) 15q-dy0006AU Laptop,4598000.00,5030400.00,8% off,4.1,HP
Smartron t.book flex Core m3 7th Gen - (4 GB/128 GB SSD/Windows 10 Home) T1223 2 in 1 Laptop,8598000.00,9198000.00,6% off,3.9,Smartron
HP 15 Athlon Dual Core - (4 GB/1 TB HDD/Windows 10 Home) 15-db1066AU Laptop,4798000.00,5015200.00,4% off,3.1,HP
Lenovo Ideapad 130 APU Dual Core A9 - (4 GB/1 TB HDD/Windows 10 Home/2 GB Graphics) 130-15AST Laptop,7538000.00,NaN,Nan,3.8,Lenovo
HP 15s Ryzen 3 Dual Core - (4 GB/256 GB SSD/Windows 10 Home) 15s-eq0007AU Thin and Light Laptop,6198000.00,6519600.00,4% off,4.5,HP
Acer Predator Triton 700 Core i7 7th Gen - (16 GB/1 TB SSD/Windows 10 Home/6 GB Graphics/NVIDIA Geforc...,19998000.00,37999800.00,47% off,3,Acer
Lenovo Ideapad 330 Core i5 8th Gen - (4 GB + 16 GB Optane/1 TB HDD/Windows 10 Home/4 GB Graphics) 330-...,9998000.00,10688000.00,6% off,3.9,Lenovo
Avita Magus Celeron Dual Core - (4 GB/64 GB EMMC Storage/Windows 10 Home) NS12T5IN003P 2 in 1 Laptop,4098000.00,4298000.00,4% off,3.5,Avita
HP 15q Core i5 7th Gen - (4 GB/1 TB HDD/Windows 10 Home) 15q-ds0028TU Laptop,9714200.00,NaN,Nan,4.1,HP
Asus ROG Strix Edition Core i7 8th Gen - (16 GB/1 TB HDD/256 GB SSD/Windows 10 Home/4 GB Graphics/NVID...,18198000.00,27598000.00,34% off,4.5,Asus
HP 14q Core i3 7th Gen - (4 GB/1 TB HDD/DOS) 14q-cs0009TU Thin and Light Laptop,5398000.00,6570000.00,17% off,4.2,HP
Lenovo ideapad APU Quad Core A4 - (4 GB/1 TB HDD/Windows 10 Home) 130 Laptop,4200000.00,4558000.00,7% off,2.9,Lenovo
HP G6 Core i3 7th Gen - (4 GB/1 TB HDD/DOS) 250-G6 Laptop,6379800.00,6559800.00,2% off,NaN,HP
Asus Vivobook Core i7 8th Gen - (8 GB/1 TB HDD/Windows 10 Home/2 GB Graphics) X510UN-EJ329T Laptop,12400000.00,13900000.00,10% off,3.6,Asus
HP Pavilion 15-EC Ryzen 5 Quad Core - (8 GB/1 TB HDD/128 GB SSD/Windows 10 Home/3 GB Graphics/NVIDIA G...,10398000.00,11648000.00,10% off,4.5,HP
HP 14q Core i3 7th Gen - (8 GB/256 GB SSD/Windows 10 Home) 14q-cs0023TU Thin and Light Laptop,6998000.00,7833600.00,10% off,4.3,HP
HP Pavilion Ryzen 7 Quad Core - (8 GB/1 TB HDD/256 GB SSD/Windows 10 Home/6 GB Graphics/NVIDIA Geforce...,16998000.00,19478600.00,12% off,NaN,HP
Lenovo Ideapad 520 Core i5 8th Gen - (8 GB/2 TB HDD/Windows 10 Home/4 GB Graphics) 520-15IKB Laptop,15818000.00,NaN,Nan,NaN,Lenovo
Acer Swift 3 Core i5 8th Gen - (8 GB/1 TB HDD/Windows 10 Home) SF315-51 Laptop,9598000.00,13999800.00,31% off,3.4,Acer
Lenovo Ideapad 120s Pentium Quad Core - (4 GB/128 GB SSD/Windows 10 Home) 120S-14IAP Thin and Light La...,5798000.00,6898000.00,15% off,NaN,Lenovo
Lenovo Ideapad S145 Ryzen 3 Dual Core - (4 GB/1 TB HDD/Windows 10 Home) S145-15API Thin and Light Lapt...,5598000.00,6246400.00,10% off,4,Lenovo
Avita Liber Core i5 7th Gen - (8 GB/256 GB SSD/Windows 10 Home) NS14A1IN007P Thin and Light Laptop,7998000.00,15198000.00,47% off,4.3,Avita
Acer Swift 3 Core i5 8th Gen - (8 GB/1 TB HDD/Windows 10 Home) SF315-51-50b5 Laptop,10199800.00,NaN,Nan,NaN,Acer
Dell Inspiron 15 3000 Core i3 7th Gen - (4 GB/1 TB HDD/Windows 10/2 GB Graphics) 15 3576 Laptop,7398000.00,8998000.00,17% off,3.9,Dell
HP 15q APU Dual Core A6 - (4 GB/1 TB HDD/Windows 10 Home) 15q-dy0006AU Laptop,4598000.00,5030400.00,8% off,4.1,HP